manager,name_of_issuer,cusip
Berkshire Hathaway,ABBVIE INC,00287Y109
Berkshire Hathaway,ACTIVISION BLIZZARD INC,00507V109
Berkshire Hathaway,ALLY FINL INC,02005N100
Berkshire Hathaway,ALPHABET INC,02079K305
Berkshire Hathaway,ALPHABET INC,02079K107
Berkshire Hathaway,AMAZON COM INC,023135106
Berkshire Hathaway,AMERICAN AIRLS GROUP INC,02376R102
Berkshire Hathaway,AMERICAN EXPRESS CO,025816109
Berkshire Hathaway,AON PLC,G0403H108
Berkshire Hathaway,APPLE INC,037833100
Berkshire Hathaway,BANK AMER CORP,060505104
Berkshire Hathaway,BANK AMERICA CORP,060505104
Berkshire Hathaway,BANK OF NEW YORK MELLON CORP,064058100
Berkshire Hathaway,BRISTOL-MYERS SQUIBB CO,110122108
Berkshire Hathaway,CAPITAL ONE FINL CORP,14040H105
Berkshire Hathaway,CHARTER COMMUNICATIONS INC N,16119P108
Berkshire Hathaway,CHEVRON CORP NEW,166764100
Berkshire Hathaway,CHEVRON CORPORATION,166764100
Berkshire Hathaway,CHUBB LIMITED,H1467J104
Berkshire Hathaway,CHUBB LTD SWITZ,H1467J104
Berkshire Hathaway,CITIGROUP INC,172967424
Berkshire Hathaway,COCA COLA CO,191216100
Berkshire Hathaway,CONSTELLATION BRANDS INC,21036P108
Berkshire Hathaway,COSTCO WHSL CORP NEW,22160K105
Berkshire Hathaway,DAVITA HEALTHCARE PARTNERS I,23918K108
Berkshire Hathaway,DAVITA INC,23918K108
Berkshire Hathaway,DEERE & CO,244199105
Berkshire Hathaway,DELTA AIR LINES INC,247361702
Berkshire Hathaway,DELTA AIR LINES INC DEL,247361702
Berkshire Hathaway,DOMINOS PIZZA INC,25754A201
Berkshire Hathaway,GENERAL MTRS CO,37045V100
Berkshire Hathaway,GOLDMAN SACHS GROUP INC,38141G104
Berkshire Hathaway,HP INC,40434L105
Berkshire Hathaway,INTERNATIONAL BUSINESS MACHS,459200101
Berkshire Hathaway,JPMORGAN CHASE & CO,46625H100
Berkshire Hathaway,KRAFT HEINZ CO,500754106
Berkshire Hathaway,KROGER CO,501044101
Berkshire Hathaway,LIBERTY LIVE HOLDINGS INC,530909308
Berkshire Hathaway,LIBERTY MEDIA CORP DEL,531229789
Berkshire Hathaway,LIBERTY MEDIA CORP DELAWARE,531229607
Berkshire Hathaway,MASTERCARD INC,57636Q104
Berkshire Hathaway,MASTERCARD INCORPORATED,57636Q104
Berkshire Hathaway,MERCK & CO. INC,58933Y105
Berkshire Hathaway,MOODYS CORP,615369105
Berkshire Hathaway,MOSANTO CO NEW,61166W101
Berkshire Hathaway,NEW YORK TIMES CO MTN BE,650111107
Berkshire Hathaway,NU HLDGS LTD,G6683N103
Berkshire Hathaway,OCCIDENTAL PETE CORP,674599105
Berkshire Hathaway,ORACLE CORP,68389X105
Berkshire Hathaway,PARAMOUNT GLOBAL,92556H206
Berkshire Hathaway,PHILLIPS 66,718546104
Berkshire Hathaway,SIRIUS XM HOLDINGS INC,829933100
Berkshire Hathaway,SIRIUSXM HOLDINGS INC,829933100
Berkshire Hathaway,SNOWFLAKE INC,833445109
Berkshire Hathaway,SOUTHWEST AIRLS CO,844741108
Berkshire Hathaway,TAIWAN SEMICONDUCTOR MFG LTD,874039100
Berkshire Hathaway,U S G CORP,903293405
Berkshire Hathaway,UNITED CONTL HLDGS INC,910047109
Berkshire Hathaway,UNITEDHEALTH GROUP INC,91324P102
Berkshire Hathaway,US BANCORP DEL,902973304
Berkshire Hathaway,VERISIGN INC,92343E102
Berkshire Hathaway,VERIZON COMMUNICATIONS INC,92343V104
Berkshire Hathaway,VISA INC,92826C839
Berkshire Hathaway,WAL MART STORES INC,931142103
Berkshire Hathaway,WELLS FARGO & CO NEW,949746101
Renaissance Technologies,ABBOTT LABS,002824100
Renaissance Technologies,ABBVIE INC,00287Y109
Renaissance Technologies,ABIOMED INC,003654100
Renaissance Technologies,ADOBE SYSTEMS INCORPORATED,00724F101
Renaissance Technologies,ADVANCED MICRO DEVICES INC,007903107
Renaissance Technologies,AIRBNB INC,009066101
Renaissance Technologies,ALEXION PHARMACEUTICALS INC,015351109
Renaissance Technologies,ALIGN TECHNOLOGY INC,016255101
Renaissance Technologies,ALLERGAN PLC,G0177J108
Renaissance Technologies,ALLISON TRANSMISSION HLDGS I,01973R101
Renaissance Technologies,ALPHABET INC,02079K305
Renaissance Technologies,AMAZON COM INC,023135106
Renaissance Technologies,AMGEN INC,031162100
Renaissance Technologies,APPLE INC,037833100
Renaissance Technologies,APPLOVIN CORP,03831W108
Renaissance Technologies,ARGAN INC,04010E109
Renaissance Technologies,ATLASSIAN CORP PLC,G06242104
Renaissance Technologies,ATLASSIAN CORPORATION,049468101
Renaissance Technologies,BAIDU INC,056752108
Renaissance Technologies,BERKSHIRE HATHAWAY INC DEL,084670702
Renaissance Technologies,BERKSHIRE HATHAWAY INC DEL,084670108
Renaissance Technologies,BIOGEN INC,09062X103
Renaissance Technologies,BOEING CO,097023105
Renaissance Technologies,BRISTOL MYERS SQUIBB CO,110122108
Renaissance Technologies,BRISTOL-MYERS SQUIBB CO,110122108
Renaissance Technologies,BROADCOM INC,11135F101
Renaissance Technologies,CARNIVAL CORP,143658300
Renaissance Technologies,CARVANA CO,146869102
Renaissance Technologies,CBOE GLOBAL MKTS INC,12503M108
Renaissance Technologies,CHEVRON CORP NEW,166764100
Renaissance Technologies,CHEVRON CORPORATION,166764100
Renaissance Technologies,CHIPOTLE MEXICAN GRILL INC,169656105
Renaissance Technologies,CME GROUP INC,12572Q105
Renaissance Technologies,COCA COLA CO,191216100
Renaissance Technologies,CORCEPT THERAPEUTICS INC,218352102
Renaissance Technologies,COSTCO WHSL CORP NEW,22160K105
Renaissance Technologies,CROWDSTRIKE HLDGS INC,22788C105
Renaissance Technologies,DOCUSIGN INC,256163106
Renaissance Technologies,DOMINOS PIZZA INC,25754A201
Renaissance Technologies,DOORDASH INC,25809K105
Renaissance Technologies,EBAY INC.,278642103
Renaissance Technologies,ETSY INC,29786A106
Renaissance Technologies,EXELIXIS INC,30161Q104
Renaissance Technologies,EXXON MOBIL CORP,30231G102
Renaissance Technologies,F5 NETWORKS INC,315616102
Renaissance Technologies,FORD MTR CO,345370860
Renaissance Technologies,FORTINET INC,34959E109
Renaissance Technologies,FRANCO NEV CORP,351858105
Renaissance Technologies,GE VERNOVA INC,36828A101
Renaissance Technologies,GENERAL ELECTRIC CO,369604103
Renaissance Technologies,GILEAD SCIENCES INC,375558103
Renaissance Technologies,GLAXOSMITHKLINE PLC,37733W105
Renaissance Technologies,HERSHEY CO,427866108
Renaissance Technologies,HIMS & HERS HEALTH INC,433000106
Renaissance Technologies,HOME DEPOT INC,437076102
Renaissance Technologies,HORIZON THERAPEUTICS PUB L,G46188101
Renaissance Technologies,HUMANA INC,444859102
Renaissance Technologies,INCYTE CORP,45337C102
Renaissance Technologies,INTEL CORP,458140100
Renaissance Technologies,JOHNSON & JOHNSON,478160104
Renaissance Technologies,JPMORGAN CHASE & CO,46625H100
Renaissance Technologies,KINROSS GOLD CORP,496902404
Renaissance Technologies,KROGER CO,501044101
Renaissance Technologies,MCDONALDS CORP,580135101
Renaissance Technologies,MERCK & CO INC,58933Y105
Renaissance Technologies,META PLATFORMS INC,30303M102
Renaissance Technologies,MICRON TECHNOLOGY INC,595112103
Renaissance Technologies,MICROSOFT CORP,594918104
Renaissance Technologies,MODERNA INC,60770K107
Renaissance Technologies,MOLINA HEALTHCARE INC,60855R100
Renaissance Technologies,MONDAY COM LTD,M7S64H106
Renaissance Technologies,MONSTER BEVERAGE CORP NEW,61174X109
Renaissance Technologies,NETFLIX INC,64110L106
Renaissance Technologies,NEUROCRINE BIOSCIENCES INC,64125C109
Renaissance Technologies,NIKE INC,654106103
Renaissance Technologies,NOVARTIS A G,66987V109
Renaissance Technologies,NOVO-NORDISK A S,670100205
Renaissance Technologies,NU HLDGS LTD,G6683N103
Renaissance Technologies,NVIDIA CORPORATION,67066G104
Renaissance Technologies,PALANTIR TECHNOLOGIES INC,69608A108
Renaissance Technologies,PALO ALTO NETWORKS INC,697435105
Renaissance Technologies,PETROLEO BRASILEIRO SA PETRO,71654V408
Renaissance Technologies,PFIZER INC,717081103
Renaissance Technologies,PINDUODUO INC,722304102
Renaissance Technologies,PROCTER AND GAMBLE CO,742718109
Renaissance Technologies,REDDIT INC,75734B100
Renaissance Technologies,ROBINHOOD MKTS INC,770700102
Renaissance Technologies,ROBLOX CORP,771049103
Renaissance Technologies,SANDISK CORP,80004C200
Renaissance Technologies,SNOWFLAKE INC,833445109
Renaissance Technologies,SPOTIFY TECHNOLOGY S A,L8681T102
Renaissance Technologies,SPRINT CORPORATION,85207U105
Renaissance Technologies,SPROUTS FMRS MKT INC,85208M102
Renaissance Technologies,STARBUCKS CORP,855244109
Renaissance Technologies,TAIWAN SEMICONDUCTOR MFG LTD,874039100
Renaissance Technologies,TARGET CORP,87612E106
Renaissance Technologies,TESLA INC,88160R101
Renaissance Technologies,UBER TECHNOLOGIES INC,90353T100
Renaissance Technologies,UNITED THERAPEUTICS CORP DEL,91307C102
Renaissance Technologies,UNITEDHEALTH GROUP INC,91324P102
Renaissance Technologies,VERISIGN INC,92343E102
Renaissance Technologies,VERTEX PHARMACEUTICALS INC,92532F100
Renaissance Technologies,VISA INC,92826C839
Renaissance Technologies,VODAFONE GROUP PLC NEW,92857W308
Renaissance Technologies,WALMART INC,931142103
Renaissance Technologies,WAYFAIR INC,94419L101
Renaissance Technologies,ZOOM VIDEO COMMUNICATIONS IN,98980L101
