ticker,year,hq_state,total_deposits_k,hq_state_deposits_k,locality,n_states,n_branches,n_certs,top_state,top_state_share
ABCB,2009,GA,2025288.0,1187362.0,0.5862682245685552,4,51,1,GA,0.5862682245685552
ABCB,2010,GA,2086552.0,1247911.0,0.5980732807042431,4,56,1,GA,0.5980732807042431
ABCB,2011,GA,2516870.0,1519528.0,0.6037371814992432,4,60,1,GA,0.6037371814992432
ABCB,2012,GA,2546405.0,1623115.0,0.637414315476132,4,68,1,GA,0.637414315476132
ABCB,2013,GA,2443312.0,1578861.0,0.6461970472866339,4,57,1,GA,0.6461970472866339
ABCB,2014,GA,3026295.0,1635563.0,0.5404506170085864,4,71,1,GA,0.5404506170085864
ABCB,2015,GA,4512524.0,2432311.0,0.5390134213136595,4,106,1,GA,0.5390134213136595
ABCB,2016,GA,5185506.0,2544750.0,0.4907428513244416,4,103,1,GA,0.4907428513244416
ABCB,2017,GA,5798374.0,2837241.0,0.48931666015334646,4,99,1,GA,0.48931666015334646
ABCB,2018,GA,8770226.0,5331128.0,0.6078666615888804,4,129,1,GA,0.6078666615888804
ABCB,2019,GA,9594935.0,5482630.0,0.5714087693142267,4,118,1,GA,0.5714087693142267
ABCB,2020,GA,15662243.0,10632398.0,0.6788553848896356,4,176,1,GA,0.6788553848896356
ABCB,2021,GA,18396025.0,12657707.0,0.6880675037134381,5,170,1,GA,0.6880675037134381
ABCB,2022,GA,19832780.0,13354220.0,0.6733408024492784,5,168,1,GA,0.6733408024492784
ABCB,2023,GA,20544509.0,13956899.0,0.679349358020676,5,168,1,GA,0.679349358020676
ABCB,2024,GA,21574192.0,14641154.0,0.678642055285315,5,168,1,GA,0.678642055285315
ABCB,2025,GA,22113152.0,14920140.0,0.6747179235235212,5,168,1,GA,0.6747179235235212
ALRS,2009,ND,641803.0,618418.0,0.9635635857108801,3,13,1,ND,0.9635635857108801
ALRS,2010,ND,909507.0,640091.0,0.7037779808181795,3,15,1,ND,0.7037779808181795
ALRS,2011,ND,984575.0,677848.0,0.6884676129294366,3,15,1,ND,0.6884676129294366
ALRS,2012,ND,992574.0,712578.0,0.7179091936722098,3,15,1,ND,0.7179091936722098
ALRS,2013,ND,1062913.0,770181.0,0.7245945811181159,3,14,1,ND,0.7245945811181159
ALRS,2014,ND,1232383.0,816829.0,0.6628045015226598,3,15,1,ND,0.6628045015226598
ALRS,2015,ND,1308816.0,895646.0,0.6843177345020232,3,15,1,ND,0.6843177345020232
ALRS,2016,ND,1679451.0,954545.0,0.5683672819272488,3,21,1,ND,0.5683672819272488
ALRS,2017,ND,1648948.0,976930.0,0.5924565237957776,3,18,1,ND,0.5924565237957776
ALRS,2018,ND,1800909.0,938863.0,0.521327285276491,3,18,1,ND,0.521327285276491
ALRS,2019,ND,1760320.0,785140.0,0.44602117796764224,3,16,1,MN,0.5155051354299218
ALRS,2020,ND,2527305.0,1072809.0,0.4244873491723397,3,15,1,MN,0.5313953005276372
ALRS,2021,ND,2790064.0,1255904.0,0.45013447720195665,3,15,1,MN,0.5079801036822095
ALRS,2022,ND,2696204.0,1210866.0,0.4491002906308276,3,15,1,MN,0.5096242717539178
ALRS,2023,ND,2925599.0,1200309.0,0.41027803195174734,3,16,1,MN,0.4853518886217831
ALRS,2024,ND,3366799.0,1279706.0,0.38009575267189993,3,14,1,MN,0.5233983377089039
ALRS,2025,ND,4380809.0,1389949.0,0.3172813514581439,5,29,1,MN,0.583173336249081
AUB,2009,VA,1231269.0,1231269.0,1.0,1,39,1,VA,1.0
AUB,2010,VA,3124859.0,3124859.0,1.0,1,93,3,VA,1.0
AUB,2011,VA,3113268.0,3113268.0,1.0,1,99,1,VA,1.0
AUB,2012,VA,3227188.0,3227188.0,1.0,1,93,1,VA,1.0
AUB,2013,VA,3271440.0,3271440.0,1.0,1,89,1,VA,1.0
AUB,2014,VA,5743669.0,5743669.0,1.0,1,131,1,VA,1.0
AUB,2015,VA,5794802.0,5794802.0,1.0,1,130,1,VA,1.0
AUB,2016,VA,6101710.0,6101710.0,1.0,1,119,1,VA,1.0
AUB,2017,VA,6770565.0,6770565.0,1.0,1,111,1,VA,1.0
AUB,2018,VA,9806589.0,9419406.0,0.9605180761628738,3,146,1,VA,0.9605180761628738
AUB,2019,VA,12531549.0,12169312.0,0.9710939964405039,3,152,1,VA,0.9710939964405039
AUB,2020,VA,15786136.0,15360240.0,0.97302088364119,3,148,1,VA,0.97302088364119
AUB,2021,VA,16710356.0,16278486.0,0.9741555476137074,3,128,1,VA,0.9741555476137074
AUB,2022,VA,16156438.0,15724742.0,0.9732802490251874,3,113,1,VA,0.9732802490251874
AUB,2023,VA,16427117.0,16027430.0,0.9756690720593273,3,109,1,VA,0.9756690720593273
AUB,2024,VA,20020244.0,18903163.0,0.9442024283020727,3,129,1,VA,0.9442024283020727
AUB,2025,VA,31074801.0,20447058.0,0.6579948170866806,4,184,1,VA,0.6579948170866806
BHLB,2009,MA,1987154.0,1432570.0,0.7209154398702868,3,42,1,MA,0.7209154398702868
BHLB,2010,MA,2063498.0,1449853.0,0.7026190478498162,3,42,1,MA,0.7026190478498162
BHLB,2011,MA,2499230.0,1486266.0,0.5946895643858309,3,50,1,MA,0.5946895643858309
BHLB,2012,MA,3421588.0,1931387.0,0.5644709415628065,4,71,1,MA,0.5644709415628065
BHLB,2013,MA,3847809.0,2070585.0,0.5381205252131798,5,77,1,MA,0.5381205252131798
BHLB,2014,MA,4527627.0,2279954.0,0.5035648917192163,5,92,1,MA,0.5035648917192163
BHLB,2015,MA,5379939.0,3098206.0,0.5758812506981956,5,99,1,MA,0.5758812506981956
BHLB,2016,MA,5713834.0,3334572.0,0.583596233282241,4,95,1,MA,0.583596233282241
BHLB,2017,MA,6886906.0,3721233.0,0.5403345130600011,6,98,1,MA,0.5403345130600011
BHLB,2018,MA,8914526.0,5716014.0,0.6412022355423048,6,117,1,MA,0.6412022355423048
BHLB,2019,MA,10642662.0,6096312.0,0.5728183418772483,7,134,1,MA,0.5728183418772483
BHLB,2020,MA,10891820.0,6167534.0,0.5662537574069347,7,132,1,MA,0.5662537574069347
BHLB,2021,MA,10690722.0,5961984.0,0.5576783307993605,7,119,1,MA,0.5576783307993605
BHLB,2022,MA,10293037.0,6276316.0,0.6097632797783589,5,107,1,MA,0.6097632797783589
BHLB,2023,MA,10162643.0,6101413.0,0.6003765949468066,5,102,1,MA,0.6003765949468066
BHLB,2024,MA,10174678.0,6229933.0,0.6122978044120905,5,95,1,MA,0.6122978044120905
BHLB,2025,MA,10140784.0,6396364.0,0.6307563596660771,5,85,1,MA,0.6307563596660771
BOKF,2009,OK,13904236.0,7194832.0,0.5174561191280125,8,188,7,OK,0.5174561191280125
BOKF,2010,OK,15278697.0,8394499.0,0.5494250589562709,8,191,7,OK,0.5494250589562709
BOKF,2011,OK,16783197.0,9218578.0,0.5492742532903594,9,186,1,OK,0.5492742532903594
BOKF,2012,OK,18258912.0,10312656.0,0.5648012324063997,9,179,1,OK,0.5648012324063997
BOKF,2013,OK,19195165.0,10278858.0,0.5354920366665251,9,172,1,OK,0.5354920366665251
BOKF,2014,OK,20343181.0,10973660.0,0.5394269460611888,9,166,1,OK,0.5394269460611888
BOKF,2015,OK,21502228.0,12140411.0,0.5646117695338362,9,135,1,OK,0.5646117695338362
BOKF,2016,OK,21194755.0,11620681.0,0.5482809780061152,8,135,1,OK,0.5482809780061152
BOKF,2017,OK,22549197.0,12026911.0,0.533363161446503,8,131,1,OK,0.533363161446503
BOKF,2018,OK,22466747.0,11644544.0,0.5183012921274273,8,133,1,OK,0.5183012921274273
BOKF,2019,OK,25516321.0,12093480.0,0.47395077056759083,8,133,1,OK,0.47395077056759083
BOKF,2020,OK,34114397.0,17818219.0,0.5223078983339497,8,128,1,OK,0.5223078983339497
BOKF,2021,OK,37641512.0,18982240.0,0.5042900508353649,8,122,1,OK,0.5042900508353649
BOKF,2022,OK,38851309.0,17253030.0,0.4440784736493692,8,116,1,OK,0.4440784736493692
BOKF,2023,OK,33543179.0,17090636.0,0.5095115164844691,8,114,1,OK,0.5095115164844691
BOKF,2024,OK,36520082.0,18845792.0,0.5160391479953413,8,113,1,OK,0.5160391479953413
BOKF,2025,OK,38499749.0,20172509.0,0.5239646887048537,8,115,1,OK,0.5239646887048537
CBSH,2009,MO,13705351.0,9962742.0,0.7269235206015519,6,217,1,MO,0.7269235206015519
CBSH,2010,MO,14489732.0,10535510.0,0.7271017849053385,5,210,1,MO,0.7271017849053385
CBSH,2011,MO,15662189.0,11455667.0,0.7314218338190147,5,203,1,MO,0.7314218338190147
CBSH,2012,MO,16842341.0,12358556.0,0.7337789918871729,5,202,1,MO,0.7337789918871729
CBSH,2013,MO,17900497.0,12990385.0,0.7256996830870115,5,201,1,MO,0.7256996830870115
CBSH,2014,MO,18942955.0,13625565.0,0.7192945873545072,5,198,1,MO,0.7192945873545072
CBSH,2015,MO,19291998.0,13913232.0,0.721191864108632,5,190,1,MO,0.721191864108632
CBSH,2016,MO,20157971.0,14648091.0,0.7266649505547954,5,188,1,MO,0.7266649505547954
CBSH,2017,MO,20955595.0,15226325.0,0.7265995071960496,5,184,1,MO,0.7265995071960496
CBSH,2018,MO,20562125.0,14761732.0,0.7179088737180618,5,177,1,MO,0.7179088737180618
CBSH,2019,MO,20051393.0,14356158.0,0.7159681125396126,5,175,1,MO,0.7159681125396126
CBSH,2020,MO,24813385.0,18166321.0,0.7321178065789895,6,171,1,MO,0.7321178065789895
CBSH,2021,MO,27738566.0,20388586.0,0.7350266772983145,6,167,1,MO,0.7350266772983145
CBSH,2022,MO,28385747.0,20743883.0,0.730785171868121,6,164,1,MO,0.730785171868121
CBSH,2023,MO,26174597.0,19397938.0,0.741097866759897,6,162,1,MO,0.741097866759897
CBSH,2024,MO,24687004.0,18175351.0,0.736231541097494,7,157,1,MO,0.736231541097494
CBSH,2025,MO,25857764.0,19277460.0,0.7455192181350251,7,142,1,MO,0.7455192181350251
CFR,2009,TX,12590785.0,12590785.0,1.0,1,124,1,TX,1.0
CFR,2010,TX,14037250.0,14037250.0,1.0,1,129,1,TX,1.0
CFR,2011,TX,15187958.0,15187958.0,1.0,1,129,1,TX,1.0
CFR,2012,TX,17365201.0,17365201.0,1.0,1,134,1,TX,1.0
CFR,2013,TX,19121222.0,19121222.0,1.0,1,125,1,TX,1.0
CFR,2014,TX,22594107.0,22594107.0,1.0,1,134,1,TX,1.0
CFR,2015,TX,23893949.0,23893949.0,1.0,1,136,1,TX,1.0
CFR,2016,TX,24337633.0,24337633.0,1.0,1,140,1,TX,1.0
CFR,2017,TX,25665873.0,25665873.0,1.0,1,148,1,TX,1.0
CFR,2018,TX,26090903.0,26090903.0,1.0,1,141,1,TX,1.0
CFR,2019,TX,26083186.0,26083186.0,1.0,1,146,1,TX,1.0
CFR,2020,TX,32939047.0,32939047.0,1.0,1,157,1,TX,1.0
CFR,2021,TX,39201245.0,39201245.0,1.0,1,167,1,TX,1.0
CFR,2022,TX,46111332.0,46111332.0,1.0,1,173,1,TX,1.0
CFR,2023,TX,41107647.0,41107647.0,1.0,1,189,1,TX,1.0
CFR,2024,TX,40746370.0,40746370.0,1.0,1,203,1,TX,1.0
CFR,2025,TX,42174331.0,42174331.0,1.0,1,213,1,TX,1.0
CUBI,2009,PA,229902.0,229902.0,1.0,1,5,1,PA,1.0
CUBI,2010,PA,553026.0,553026.0,1.0,1,6,1,PA,1.0
CUBI,2011,PA,1406208.0,1093784.0,0.7778251866011288,3,11,1,PA,0.7778251866011288
CUBI,2012,PA,1929950.0,1462269.0,0.7576719604134822,3,15,1,PA,0.7576719604134822
CUBI,2013,PA,2801167.0,2270071.0,0.810401878931174,3,15,1,PA,0.810401878931174
CUBI,2014,PA,3733210.0,2697921.0,0.7226812850067368,3,15,1,PA,0.7226812850067368
CUBI,2015,PA,5511038.0,4025157.0,0.730380919166226,3,16,1,PA,0.730380919166226
CUBI,2016,PA,6806494.0,4888933.0,0.7182747828764706,3,16,1,PA,0.7182747828764706
CUBI,2017,PA,7538543.0,5302808.0,0.7034261129770036,3,16,1,PA,0.7034261129770036
CUBI,2018,PA,7393154.0,4937423.0,0.6678371639492428,3,15,1,PA,0.6678371639492428
CUBI,2019,PA,8202710.0,5600767.0,0.6827947105285936,3,15,1,PA,0.6827947105285936
CUBI,2020,PA,11059122.0,7642022.0,0.691015254194682,3,15,1,PA,0.691015254194682
CUBI,2021,PA,13961259.0,7837048.0,0.561342497836334,3,13,1,PA,0.561342497836334
CUBI,2022,PA,17034893.0,8613253.0,0.5056241327726567,3,12,1,PA,0.5056241327726567
CUBI,2023,PA,18067090.0,11278730.0,0.62426932062662,3,7,1,PA,0.62426932062662
CUBI,2024,PA,17836965.0,8172572.0,0.458181759060468,3,7,1,NY,0.49898158122752384
CUBI,2025,PA,19081468.0,7837346.0,0.41073076767468836,3,7,1,NY,0.5405605585482207
EWBC,2009,CA,8387996.0,8374931.0,0.9984424169968608,2,72,1,CA,0.9984424169968608
EWBC,2010,CA,14452522.0,13016411.0,0.9006324986047418,6,134,1,CA,0.9006324986047418
EWBC,2011,CA,16149182.0,14522415.0,0.8992662910109007,6,131,1,CA,0.8992662910109007
EWBC,2012,CA,16795596.0,14933760.0,0.8891473693461072,6,122,1,CA,0.8891473693461072
EWBC,2013,CA,18577550.0,16445231.0,0.8852206561145038,6,114,1,CA,0.8852206561145038
EWBC,2014,CA,22219967.0,18559394.0,0.8352574961069924,7,127,1,CA,0.8352574961069924
EWBC,2015,CA,24607178.0,19943611.0,0.8104794056433452,7,124,1,CA,0.8104794056433452
EWBC,2016,CA,27164544.0,21980157.0,0.8091487565556043,7,120,1,CA,0.8091487565556043
EWBC,2017,CA,29489477.0,23852900.0,0.8088614118181886,7,121,1,CA,0.8088614118181886
EWBC,2018,CA,30911841.0,25083847.0,0.8114640276520574,7,113,1,CA,0.8114640276520574
EWBC,2019,CA,34189940.0,28921149.0,0.8458964537521856,7,111,1,CA,0.8458964537521856
EWBC,2020,CA,38953437.0,33494633.0,0.8598633542914326,7,111,1,CA,0.8598633542914326
EWBC,2021,CA,50425890.0,44278159.0,0.8780838374890358,7,109,1,CA,0.8780838374890358
EWBC,2022,CA,51578870.0,45024261.0,0.8729206552993503,7,106,1,CA,0.8729206552993503
EWBC,2023,CA,53153056.0,46863649.0,0.881673652028587,7,102,1,CA,0.881673652028587
EWBC,2024,CA,56986522.0,49903870.0,0.8757135590763023,7,100,1,CA,0.8757135590763023
EWBC,2025,CA,61573242.0,47744640.0,0.7754121506221809,7,98,1,CA,0.7754121506221809
FITB,2009,OH,78277643.0,31004235.0,0.3960803342021936,12,1359,3,OH,0.3960803342021936
FITB,2010,OH,78842328.0,30654191.0,0.38880372735822816,12,1363,1,OH,0.38880372735822816
FITB,2011,OH,77515079.0,31687068.0,0.40878585700725406,12,1370,1,OH,0.40878585700725406
FITB,2012,OH,86987033.0,36553912.0,0.42022254052509184,12,1369,1,OH,0.42022254052509184
FITB,2013,OH,94378249.0,41270297.0,0.437286106039115,12,1370,1,OH,0.437286106039115
FITB,2014,OH,97685650.0,39835637.0,0.4077941540031724,12,1348,1,OH,0.4077941540031724
FITB,2015,OH,105387907.0,43221318.0,0.41011648518648347,12,1339,1,OH,0.41011648518648347
FITB,2016,OH,104211456.0,45599949.0,0.4375713645148572,10,1208,1,OH,0.4375713645148572
FITB,2017,OH,104809057.0,45729251.0,0.4363101081999049,10,1174,1,OH,0.4363101081999049
FITB,2018,OH,108166199.0,47700426.0,0.44099197754004466,10,1173,1,OH,0.44099197754004466
FITB,2019,OH,129922273.0,54609141.0,0.42032162568461223,10,1224,1,OH,0.42032162568461223
FITB,2020,OH,162444840.0,67625624.0,0.4162989972473118,10,1136,1,OH,0.4162989972473118
FITB,2021,OH,168801428.0,69065224.0,0.4091507093174591,11,1110,1,OH,0.4091507093174591
FITB,2022,OH,166576958.0,67292105.0,0.403970067696878,11,1090,1,OH,0.403970067696878
FITB,2023,OH,169647320.0,71890619.0,0.42376513227559387,12,1082,1,OH,0.42376513227559387
FITB,2024,OH,172042035.0,67755970.0,0.39383380927806394,12,1078,1,OH,0.39383380927806394
FITB,2025,OH,167802061.0,66888060.0,0.3986128632830082,12,1097,1,OH,0.3986128632830082
FMBH,2009,IL,916994.0,916994.0,1.0,1,25,1,IL,1.0
FMBH,2010,IL,871504.0,871504.0,1.0,1,27,1,IL,1.0
FMBH,2011,IL,1235828.0,1235828.0,1.0,1,37,1,IL,1.0
FMBH,2012,IL,1249893.0,1249893.0,1.0,1,37,1,IL,1.0
FMBH,2013,IL,1279028.0,1279028.0,1.0,1,36,1,IL,1.0
FMBH,2014,IL,1294067.0,1294067.0,1.0,1,36,1,IL,1.0
FMBH,2015,IL,1271606.0,1271606.0,1.0,1,34,1,IL,1.0
FMBH,2016,IL,1709632.0,1709632.0,1.0,1,45,1,IL,1.0
FMBH,2017,IL,2297032.0,2291382.0,0.9975403041838338,2,51,1,IL,0.9975403041838338
FMBH,2018,IL,2713631.0,2710884.0,0.9989877031917751,2,58,2,IL,0.9989877031917751
FMBH,2019,IL,3040478.0,3038559.0,0.9993688492401523,2,63,1,IL,0.9993688492401523
FMBH,2020,IL,3427808.0,3422080.0,0.9983289612487047,2,64,1,IL,0.9983289612487047
FMBH,2021,IL,4773574.0,4075407.0,0.8537433378009852,3,67,1,IL,0.8537433378009852
FMBH,2022,IL,5361288.0,4054531.0,0.7562606224474417,3,71,1,IL,0.7562606224474417
FMBH,2023,IL,5259528.0,4212918.0,0.8010068584101083,3,71,1,IL,0.8010068584101083
FMBH,2024,IL,6158122.0,4875064.0,0.7916478432872879,4,81,1,IL,0.7916478432872879
FMBH,2025,IL,6249230.0,4837110.0,0.774032960860778,4,79,1,IL,0.774032960860778
FULT,2009,PA,11822174.0,6464664.0,0.5468253131784391,5,273,10,PA,0.5468253131784391
FULT,2010,PA,12459614.0,7137123.0,0.5728205544730358,5,276,8,PA,0.5728205544730358
FULT,2011,PA,12381369.0,7258851.0,0.5862720834828523,5,277,7,PA,0.5862720834828523
FULT,2012,PA,12403520.0,7419279.0,0.5981591515956761,5,274,6,PA,0.5981591515956761
FULT,2013,PA,12401319.0,7428669.0,0.5990224910753444,5,272,6,PA,0.5990224910753444
FULT,2014,PA,12892838.0,7746832.0,0.6008632079298599,5,260,6,PA,0.6008632079298599
FULT,2015,PA,13811929.0,8368840.0,0.6059139168757673,5,251,6,PA,0.6059139168757673
FULT,2016,PA,14435175.0,8774468.0,0.6078532473627788,5,249,6,PA,0.6078532473627788
FULT,2017,PA,15492861.0,9313082.0,0.6011208646356538,5,247,6,PA,0.6011208646356538
FULT,2018,PA,15759398.0,9468049.0,0.6007874793186897,5,242,6,PA,0.6007874793186897
FULT,2019,PA,16493305.0,9897753.0,0.6001073162716629,5,236,3,PA,0.6001073162716629
FULT,2020,PA,19978600.0,12111332.0,0.6062152503178401,5,229,1,PA,0.6062152503178401
FULT,2021,PA,21869522.0,13260562.0,0.6063489636399003,5,208,1,PA,0.6063489636399003
FULT,2022,PA,21242684.0,12687831.0,0.5972800329751174,5,208,1,PA,0.5972800329751174
FULT,2023,PA,21382678.0,13219784.0,0.6182473495602375,5,210,1,PA,0.6182473495602375
FULT,2024,PA,25761661.0,14936412.0,0.5797922734873345,6,243,1,PA,0.5797922734873345
FULT,2025,PA,26381618.0,15018980.0,0.5692971522823203,5,209,1,PA,0.5692971522823203
GBCI,2009,MT,3450300.0,2040331.0,0.5913488682143582,6,94,10,MT,0.5913488682143582
GBCI,2010,MT,4578387.0,2653458.0,0.579561753953958,6,98,11,MT,0.579561753953958
GBCI,2011,MT,4745490.0,2752565.0,0.5800380993322081,6,98,11,MT,0.5800380993322081
GBCI,2012,MT,5016520.0,2914710.0,0.5810223023131573,6,98,1,MT,0.5810223023131573
GBCI,2013,MT,5404404.0,3111264.0,0.5756904924206259,6,101,1,MT,0.5756904924206259
GBCI,2014,MT,5807667.0,3117396.0,0.5367725112338569,6,109,1,MT,0.5367725112338569
GBCI,2015,MT,6591607.0,3433450.0,0.5208820853549067,6,128,1,MT,0.5208820853549067
GBCI,2016,MT,7136839.0,3560064.0,0.4988292435908951,6,132,1,MT,0.4988292435908951
GBCI,2017,MT,7823140.0,3784614.0,0.4837717336005747,7,134,1,MT,0.4837717336005747
GBCI,2018,MT,9471999.0,4759716.0,0.5025038537271805,7,150,1,MT,0.5025038537271805
GBCI,2019,MT,9929512.0,4875213.0,0.49098213487228776,7,161,1,MT,0.49098213487228776
GBCI,2020,MT,13438433.0,5547923.0,0.4128400238331359,8,176,1,MT,0.4128400238331359
GBCI,2021,MT,16888445.0,7206605.0,0.4267180903866519,8,177,1,MT,0.4267180903866519
GBCI,2022,MT,21912239.0,7706307.0,0.35168961966871576,8,203,1,MT,0.35168961966871576
GBCI,2023,MT,20126170.0,7614605.0,0.3783434702181289,8,199,1,MT,0.3783434702181289
GBCI,2024,MT,20264352.0,7226160.0,0.3565946742338467,8,206,1,MT,0.3565946742338467
GBCI,2025,MT,21806818.0,7973219.0,0.36562963931739145,8,221,1,MT,0.36562963931739145
HBAN,2009,OH,38851293.0,25825305.0,0.6647218922675238,7,650,1,OH,0.6647218922675238
HBAN,2010,OH,39496033.0,25254232.0,0.6394118619457301,7,657,1,OH,0.6394118619457301
HBAN,2011,OH,41393309.0,26723960.0,0.6456106227216577,7,696,1,OH,0.6456106227216577
HBAN,2012,OH,45900403.0,29965104.0,0.6528287779956965,7,730,1,OH,0.6528287779956965
HBAN,2013,OH,47022089.0,30843245.0,0.6559309817137218,7,773,1,OH,0.6559309817137218
HBAN,2014,OH,49250543.0,32491902.0,0.6597267770225397,7,759,1,OH,0.6597267770225397
HBAN,2015,OH,53972437.0,35579892.0,0.6592233735897455,7,760,1,OH,0.6592233735897455
HBAN,2016,OH,57057191.0,38232375.0,0.6700711046220273,7,807,1,OH,0.6700711046220273
HBAN,2017,OH,77936696.0,50073617.0,0.6424908877327825,9,1057,1,OH,0.6424908877327825
HBAN,2018,OH,82636352.0,53826176.0,0.6513619575075144,9,1011,1,OH,0.6513619575075144
HBAN,2019,OH,83611387.0,53703425.0,0.6422979802978271,8,909,1,OH,0.6422979802978271
HBAN,2020,OH,98563721.0,64108247.0,0.6504243787630543,8,878,1,OH,0.6504243787630543
HBAN,2021,OH,147543078.0,74741344.0,0.5065730294714335,12,1291,1,OH,0.5065730294714335
HBAN,2022,OH,148689895.0,79132227.0,0.5321964011071498,11,1080,1,OH,0.5321964011071498
HBAN,2023,OH,152046997.0,83339866.0,0.5481191187222199,11,1051,1,OH,0.5481191187222199
HBAN,2024,OH,159226531.0,88673025.0,0.5568985548017749,11,1018,1,OH,0.5568985548017749
HBAN,2025,OH,167403258.0,96088851.0,0.573996301792406,13,1008,1,OH,0.573996301792406
INDB,2009,MA,3343612.0,3343612.0,1.0,1,71,1,MA,1.0
INDB,2010,MA,3702041.0,3702041.0,1.0,1,70,1,MA,1.0
INDB,2011,MA,3815885.0,3815885.0,1.0,1,67,1,MA,1.0
INDB,2012,MA,4110601.0,4110601.0,1.0,1,67,1,MA,1.0
INDB,2013,MA,4693716.0,4693716.0,1.0,1,77,1,MA,1.0
INDB,2014,MA,5315525.0,5315525.0,1.0,1,79,1,MA,1.0
INDB,2015,MA,5996161.0,5996161.0,1.0,1,87,1,MA,1.0
INDB,2016,MA,6241825.0,6241825.0,1.0,1,84,1,MA,1.0
INDB,2017,MA,6738951.0,6738951.0,1.0,1,88,1,MA,1.0
INDB,2018,MA,7071415.0,7071415.0,1.0,1,86,1,MA,1.0
INDB,2019,MA,9385652.0,9385652.0,1.0,1,97,1,MA,1.0
INDB,2020,MA,10811588.0,10811588.0,1.0,1,98,1,MA,1.0
INDB,2021,MA,12051853.0,12051853.0,1.0,1,98,1,MA,1.0
INDB,2022,MA,16768947.0,16768947.0,1.0,1,125,1,MA,1.0
INDB,2023,MA,15371670.0,15371670.0,1.0,1,124,1,MA,1.0
INDB,2024,MA,15481757.0,15481757.0,1.0,1,124,1,MA,1.0
INDB,2025,MA,16190169.0,16190169.0,1.0,1,125,1,MA,1.0
KEY,2009,OH,67430022.0,22125594.0,0.328126750425797,15,1005,1,OH,0.328126750425797
KEY,2010,OH,61869569.0,19620099.0,0.317120343928693,15,1034,1,OH,0.317120343928693
KEY,2011,OH,59764459.0,18894466.0,0.31614886700471934,15,1059,1,OH,0.31614886700471934
KEY,2012,OH,61669392.0,17674445.0,0.28659995545277955,15,1073,1,OH,0.28659995545277955
KEY,2013,OH,67298377.0,19083319.0,0.28356284134459886,14,1067,1,NY,0.29244211936938685
KEY,2014,OH,69303559.0,20493221.0,0.2957022885361486,13,1026,1,OH,0.2957022885361486
KEY,2015,OH,72569086.0,21081624.0,0.2905041962358462,13,1002,1,OH,0.2905041962358462
KEY,2016,OH,78239739.0,22009464.0,0.281307993627126,13,961,1,OH,0.281307993627126
KEY,2017,OH,105344214.0,22312132.0,0.21180215934783092,16,1235,1,NY,0.31989006059696834
KEY,2018,OH,107702800.0,24103468.0,0.2237961130072756,16,1199,1,NY,0.3031657858477217
KEY,2019,OH,113915547.0,24653761.0,0.21642138978624226,16,1125,1,NY,0.2902921582775703
KEY,2020,OH,140218182.0,34313491.0,0.24471498995757912,16,1099,1,NY,0.2771399646302646
KEY,2021,OH,148933764.0,40311761.0,0.2706690539292353,16,1035,1,OH,0.2706690539292353
KEY,2022,OH,149408458.0,61961557.0,0.41471251246030527,16,999,1,OH,0.41471251246030527
KEY,2023,OH,148184221.0,70393382.0,0.47503966026180344,16,985,1,OH,0.47503966026180344
KEY,2024,OH,149273809.0,68772642.0,0.46071472591685525,16,963,1,OH,0.46071472591685525
KEY,2025,OH,151999252.0,68659357.0,0.45170851893402736,16,955,1,OH,0.45170851893402736
MSBI,2009,IL,952745.0,831090.0,0.8723110590976599,2,17,1,IL,0.8723110590976599
MSBI,2010,IL,1381685.0,1337296.0,0.9678732851554442,2,32,1,IL,0.9678732851554442
MSBI,2011,IL,1247985.0,1202108.0,0.9632391414960917,2,32,1,IL,0.9632391414960917
MSBI,2012,IL,1201316.0,1163902.0,0.9688558214491441,2,32,1,IL,0.9688558214491441
MSBI,2013,IL,1363997.0,1338541.0,0.9813372023545507,2,34,1,IL,0.9813372023545507
MSBI,2014,IL,1451423.0,1427186.0,0.9833012154278938,2,35,1,IL,0.9833012154278938
MSBI,2015,IL,2244143.0,1430421.0,0.6374018946207973,3,50,1,IL,0.6374018946207973
MSBI,2016,IL,2397790.0,1459162.0,0.6085445347590906,3,49,1,IL,0.6085445347590906
MSBI,2017,IL,3356538.0,2273803.0,0.6774250730961485,3,65,2,IL,0.6774250730961485
MSBI,2018,IL,4183051.0,3283360.0,0.7849199065466809,3,78,2,IL,0.7849199065466809
MSBI,2019,IL,4038071.0,3200462.0,0.7925719978672985,2,73,1,IL,0.7925719978672985
MSBI,2020,IL,5007347.0,4034965.0,0.805808944337191,2,72,1,IL,0.805808944337191
MSBI,2021,IL,5241867.0,4294723.0,0.819311707069256,2,58,1,IL,0.819311707069256
MSBI,2022,IL,6220026.0,4673258.0,0.7513245121483415,2,59,1,IL,0.7513245121483415
MSBI,2023,IL,6432285.0,4933009.0,0.7669139349391391,2,59,1,IL,0.7669139349391391
MSBI,2024,IL,6124642.0,4751585.0,0.7758143251474944,2,59,1,IL,0.7758143251474944
MSBI,2025,IL,5955068.0,4728803.0,0.794080437032793,2,58,1,IL,0.794080437032793
MTB,2009,NY,46217879.0,23462987.0,0.5076604012918896,8,828,2,NY,0.5076604012918896
MTB,2010,NY,47340936.0,23481024.0,0.49599830472299916,8,761,2,NY,0.49599830472299916
MTB,2011,NY,60077592.0,24509339.0,0.40796140764097205,9,793,4,NY,0.40796140764097205
MTB,2012,NY,64281999.0,29623800.0,0.4608413002215441,9,777,2,NY,0.4608413002215441
MTB,2013,NY,67045069.0,32168094.0,0.4797980594217898,9,789,2,NY,0.4797980594217898
MTB,2014,NY,72298381.0,36097483.0,0.4992848041783951,9,765,2,NY,0.4992848041783951
MTB,2015,NY,75039441.0,38883011.0,0.518167652661485,9,745,2,NY,0.518167652661485
MTB,2016,NY,97270117.0,45048923.0,0.4631321971166129,10,873,2,NY,0.4631321971166129
MTB,2017,NY,97838184.0,47278799.0,0.4832346336272963,10,865,2,NY,0.4832346336272963
MTB,2018,NY,93400365.0,47609066.0,0.5097310486955806,10,852,2,NY,0.5097310486955806
MTB,2019,NY,95072793.0,50185614.0,0.5278651485499116,10,822,2,NY,0.5278651485499116
MTB,2020,NY,120486860.0,62997524.0,0.5228580444373768,10,801,2,NY,0.5228580444373768
MTB,2021,NY,139283106.0,71169094.0,0.5109671663984863,10,763,2,NY,0.5109671663984863
MTB,2022,NY,173083343.0,73777834.0,0.42625611870692837,14,1109,2,NY,0.42625611870692837
MTB,2023,NY,165261399.0,78939247.0,0.4776629477764496,14,1075,2,NY,0.4776629477764496
MTB,2024,NY,163695765.0,68042978.0,0.4156673081921209,14,1042,2,NY,0.4156673081921209
MTB,2025,NY,168389280.0,70258385.0,0.4172378728622155,14,1022,2,NY,0.4172378728622155
NTRS,2009,IL,23623468.0,13256078.0,0.5611402187011661,17,94,3,IL,0.5611402187011661
NTRS,2010,IL,23306995.0,12670630.0,0.5436406538037186,17,88,3,IL,0.5436406538037186
NTRS,2011,IL,30421322.0,18854287.0,0.6197721124676961,17,83,3,IL,0.6197721124676961
NTRS,2012,IL,35532125.0,22276716.0,0.6269457849762715,18,76,1,IL,0.6269457849762715
NTRS,2013,IL,33070605.0,21402539.0,0.6471771230069725,18,71,1,IL,0.6471771230069725
NTRS,2014,IL,37908449.0,26558287.0,0.7005901771396661,18,68,1,IL,0.7005901771396661
NTRS,2015,IL,43892391.0,31891235.0,0.7265777569510852,18,65,1,IL,0.7265777569510852
NTRS,2016,IL,41438794.0,29181412.0,0.7042051465107793,18,64,1,IL,0.7042051465107793
NTRS,2017,IL,36878232.0,25442184.0,0.6898970644796638,18,64,1,IL,0.6898970644796638
NTRS,2018,IL,35403079.0,24898673.0,0.7032911741941993,18,59,1,IL,0.7032911741941993
NTRS,2019,IL,34549949.0,23216879.0,0.6719801236175487,18,56,1,IL,0.6719801236175487
NTRS,2020,IL,47360543.0,34446777.0,0.7273307022683418,18,56,1,IL,0.7273307022683418
NTRS,2021,IL,53347658.0,38407541.0,0.7199480247099133,18,55,1,IL,0.7199480247099133
NTRS,2022,IL,54633476.0,38494824.0,0.704601405921893,19,58,1,IL,0.704601405921893
NTRS,2023,IL,39497072.0,26778028.0,0.6779750154644375,19,58,1,IL,0.6779750154644375
NTRS,2024,IL,48160674.0,34191253.0,0.7099413309705757,19,58,1,IL,0.7099413309705757
NTRS,2025,IL,51521446.0,36912765.0,0.716454367371599,19,58,1,IL,0.716454367371599
NYCB,2009,NY,14632603.0,11335831.0,0.7746968191510424,2,216,2,NY,0.7746968191510424
NYCB,2010,NY,22705994.0,10946586.0,0.4821011579585549,5,285,2,NY,0.4821011579585549
NYCB,2011,NY,22024445.0,10896449.0,0.49474340897125896,5,282,2,NY,0.49474340897125896
NYCB,2012,NY,25266780.0,11110432.0,0.4397248877775482,5,281,2,NY,0.4397248877775482
NYCB,2013,NY,25451416.0,12358834.0,0.4855853206752819,5,280,2,NY,0.4855853206752819
NYCB,2014,NY,27519244.0,13573285.0,0.49322884742037243,5,278,2,NY,0.49322884742037243
NYCB,2015,NY,28839750.0,14203194.0,0.4924867240527397,5,280,2,NY,0.4924867240527397
NYCB,2016,NY,29144701.0,17915099.0,0.614694897710565,5,269,2,NY,0.614694897710565
NYCB,2017,NY,29037297.0,18386093.0,0.6331888605196275,5,262,2,NY,0.6331888605196275
NYCB,2018,NY,29642973.0,18855409.0,0.6360836006563849,5,255,2,NY,0.6360836006563849
NYCB,2019,NY,32502746.0,21663794.0,0.6665219609444691,5,242,1,NY,0.6665219609444691
NYCB,2020,NY,31867678.0,22091451.0,0.6932243698458357,5,239,1,NY,0.6932243698458357
NYCB,2021,NY,34324985.0,24606781.0,0.7168766716139862,5,237,1,NY,0.7168766716139862
NYCB,2022,NY,50132691.0,31288736.0,0.6241184220491974,9,395,2,NY,0.6241184220491974
NYCB,2023,NY,88627165.0,60961202.0,0.6878387907364519,11,436,1,NY,0.6878387907364519
NYCB,2024,NY,79682020.0,30470495.0,0.3824011364169734,11,419,1,MI,0.4177379037328622
NYCB,2025,NY,70246292.0,30564718.0,0.43510792000238246,10,360,1,NY,0.43510792000238246
ONB,2009,IN,5821191.0,4344494.0,0.7463239051939715,4,185,1,IN,0.7463239051939715
ONB,2010,IN,5661439.0,4219233.0,0.7452580518839822,4,170,1,IN,0.7452580518839822
ONB,2011,IN,6043497.0,4647469.0,0.7690032774071038,4,174,1,IN,0.7690032774071038
ONB,2012,IN,6721395.0,5040430.0,0.749908315163742,4,188,1,IN,0.749908315163742
ONB,2013,IN,6876980.0,5420168.0,0.78816108233556,4,176,1,IN,0.78816108233556
ONB,2014,IN,7595705.0,5778882.0,0.7608091678125993,5,178,1,IN,0.7608091678125993
ONB,2015,IN,8882485.0,6126198.0,0.6896941565338979,5,190,1,IN,0.6896941565338979
ONB,2016,IN,10582231.0,6493734.0,0.6136450810797837,5,213,1,IN,0.6136450810797837
ONB,2017,IN,10797561.0,6829546.0,0.6325082118082037,5,194,1,IN,0.6325082118082037
ONB,2018,IN,12668679.0,7000070.0,0.5525493226247188,6,189,1,IN,0.5525493226247188
ONB,2019,IN,14411560.0,7404845.0,0.5138128696685161,6,198,1,IN,0.5138128696685161
ONB,2020,IN,16371937.0,8433940.0,0.515146130845727,6,166,1,IN,0.515146130845727
ONB,2021,IN,17968495.0,9352101.0,0.5204721374828554,6,166,1,IN,0.5204721374828554
ONB,2022,IN,36067334.0,11849513.0,0.3285386438598428,7,272,1,IL,0.40262548931395925
ONB,2023,IN,36547037.0,11644625.0,0.31862022084033786,7,263,1,IL,0.4247294247136916
ONB,2024,IN,40443363.0,12460268.0,0.3080917875202416,9,288,1,IL,0.39942383129711545
ONB,2025,IN,54862635.0,13820604.0,0.25191287294166603,9,360,1,IL,0.32566467141069694
PB,2009,TX,7261503.0,7261503.0,1.0,1,163,1,TX,1.0
PB,2010,TX,7818032.0,7818032.0,1.0,1,185,1,TX,1.0
PB,2011,TX,7671470.0,7671470.0,1.0,1,180,1,TX,1.0
PB,2012,TX,8397724.0,8397724.0,1.0,1,184,1,TX,1.0
PB,2013,TX,12514366.0,11471995.0,0.9167060480730705,2,241,1,TX,0.9167060480730705
PB,2014,TX,17288420.0,14414647.0,0.833774688490909,2,284,1,TX,0.833774688490909
PB,2015,TX,17022609.0,14715955.0,0.8644946846867011,2,268,1,TX,0.8644946846867011
PB,2016,TX,17244034.0,15417377.0,0.8940702042225155,2,269,1,TX,0.8940702042225155
PB,2017,TX,17101925.0,15329712.0,0.8963734784242124,2,266,1,TX,0.8963734784242124
PB,2018,TX,17006748.0,15474234.0,0.9098878868552648,2,265,1,TX,0.9098878868552648
PB,2019,TX,16941164.0,15498868.0,0.9148644095529681,2,265,1,TX,0.9148644095529681
PB,2020,TX,26240690.0,24477276.0,0.9327984896738615,2,307,1,TX,0.9327984896738615
PB,2021,TX,29194300.0,27347918.0,0.9367553940323967,2,307,1,TX,0.9367553940323967
PB,2022,TX,29949954.0,28075010.0,0.9373974330645048,2,298,1,TX,0.9373974330645048
PB,2023,TX,27462008.0,25924795.0,0.9440240131020281,2,315,1,TX,0.9440240131020281
PB,2024,TX,28030434.0,26489549.0,0.9450281433387724,2,320,1,TX,0.9450281433387724
PB,2025,TX,27802726.0,26336816.0,0.9472745945847181,2,314,1,TX,0.9472745945847181
RF,2009,AL,93701749.0,18920031.0,0.201917586404924,16,1882,1,AL,0.201917586404924
RF,2010,AL,95794707.0,18724393.0,0.19546375354538117,16,1774,1,FL,0.19993873983037497
RF,2011,AL,98397236.0,22065354.0,0.2242477014293369,16,1768,1,AL,0.2242477014293369
RF,2012,AL,95495017.0,21177918.0,0.22176987517579058,16,1720,1,AL,0.22176987517579058
RF,2013,AL,93514913.0,21246906.0,0.22720339802914644,16,1709,1,AL,0.22720339802914644
RF,2014,AL,96092993.0,22829805.0,0.23758033012875351,16,1673,1,AL,0.23758033012875351
RF,2015,AL,98120237.0,22262011.0,0.22688501047954052,16,1631,1,AL,0.22688501047954052
RF,2016,AL,99120219.0,22586738.0,0.2278721559321817,15,1599,1,AL,0.2278721559321817
RF,2017,AL,99191861.0,22677627.0,0.22862386864583578,15,1492,1,AL,0.22862386864583578
RF,2018,AL,96610746.0,21902257.0,0.22670621961660456,15,1476,1,AL,0.22670621961660456
RF,2019,AL,98330000.0,24881504.0,0.25304082172277026,15,1460,1,AL,0.25304082172277026
RF,2020,AL,119821000.0,29538423.0,0.24652125253503143,15,1391,1,AL,0.24652125253503143
RF,2021,AL,132757000.0,30271287.0,0.22802027011758325,15,1313,1,AL,0.22802027011758325
RF,2022,AL,139563000.0,32590079.0,0.2335151795246591,15,1294,1,AL,0.2335151795246591
RF,2023,AL,129403000.0,32000137.0,0.24729053422254507,15,1276,1,AL,0.24729053422254507
RF,2024,AL,128943000.0,31419965.0,0.2436732897481833,15,1262,1,AL,0.2436732897481833
RF,2025,AL,132002000.0,31588185.0,0.2393008060483932,15,1250,1,AL,0.2393008060483932
SFNC,2009,AR,2353437.0,2353437.0,1.0,1,83,8,AR,1.0
SFNC,2010,AR,2455060.0,2429029.0,0.9893970004806399,2,75,8,AR,0.9893970004806399
SFNC,2011,AR,2702404.0,2505570.0,0.927163370095663,3,83,8,AR,0.927163370095663
SFNC,2012,AR,2733030.0,2566061.0,0.9389070006549507,3,83,8,AR,0.9389070006549507
SFNC,2013,AR,2923951.0,2523129.0,0.8629176754330015,3,91,8,AR,0.8629176754330015
SFNC,2014,AR,3679667.0,3309035.0,0.8992756681514931,3,103,4,AR,0.8992756681514931
SFNC,2015,AR,6237277.0,3532611.0,0.5663707095259678,4,154,2,AR,0.5663707095259678
SFNC,2016,AR,6137187.0,3697837.0,0.6025296279875454,4,154,1,AR,0.6025296279875454
SFNC,2017,AR,7196022.0,4144488.0,0.575941541034755,4,163,2,AR,0.575941541034755
SFNC,2018,AR,12166287.0,5960347.0,0.48990682202384345,7,204,1,AR,0.48990682202384345
SFNC,2019,AR,13621482.0,5838943.0,0.42865695524172776,8,217,1,AR,0.42865695524172776
SFNC,2020,AR,16752680.0,5953758.0,0.3553913761857804,7,233,1,AR,0.3553913761857804
SFNC,2021,AR,18528823.0,6827111.0,0.3684589679549532,6,205,1,AR,0.3684589679549532
SFNC,2022,AR,22242403.0,7857532.0,0.35326812485143805,6,241,1,AR,0.35326812485143805
SFNC,2023,AR,22646177.0,9542139.0,0.42135760927771604,6,244,1,AR,0.42135760927771604
SFNC,2024,AR,22121441.0,9311884.0,0.4209438254949124,6,246,1,AR,0.4209438254949124
SFNC,2025,AR,22087312.0,9211268.0,0.4170388863977654,6,232,1,AR,0.4170388863977654
TFC,2009,NC,95043852.0,33736421.0,0.3549563731907667,12,1506,2,NC,0.3549563731907667
TFC,2010,NC,104583777.0,28864831.0,0.2759972132197903,13,1792,2,NC,0.2759972132197903
TFC,2011,NC,111384364.0,35064001.0,0.31480182442842697,13,1779,2,NC,0.31480182442842697
TFC,2012,NC,132489056.0,51839146.0,0.39127115525677836,13,1775,2,NC,0.39127115525677836
TFC,2013,NC,137189272.0,53774953.0,0.3919763711553189,13,1851,1,NC,0.3919763711553189
TFC,2014,NC,137818798.0,54613903.0,0.3962732500395193,13,1843,1,NC,0.3962732500395193
TFC,2015,NC,141957594.0,50473672.0,0.3555545749810327,14,1903,1,NC,0.3555545749810327
TFC,2016,NC,166995354.0,54260263.0,0.3249207939042424,16,2255,1,NC,0.3249207939042424
TFC,2017,NC,163093000.0,50320132.0,0.3085364301349537,16,2192,1,NC,0.3085364301349537
TFC,2018,NC,166714000.0,52656480.0,0.31584917883321134,16,1971,1,NC,0.31584917883321134
TFC,2019,NC,168416000.0,55539627.0,0.32977642860535816,16,1791,1,NC,0.32977642860535816
TFC,2020,NC,391221000.0,116839611.0,0.2986537302445421,18,2921,1,NC,0.2986537302445421
TFC,2021,NC,412689000.0,92586445.0,0.2243491951566434,18,2562,1,NC,0.2243491951566434
TFC,2022,NC,435443000.0,109811520.0,0.25218345455088265,18,2118,1,NC,0.25218345455088265
TFC,2023,NC,418489000.0,118336677.0,0.282771296258683,18,2003,1,NC,0.282771296258683
TFC,2024,NC,397412000.0,107979246.0,0.2717060531639709,18,1931,1,NC,0.2717060531639709
TFC,2025,NC,417545000.0,125281825.0,0.30004388748518124,18,1928,1,NC,0.30004388748518124
UBSI,2009,WV,5761157.0,2825367.0,0.49041659513878894,5,114,2,WV,0.49041659513878894
UBSI,2010,WV,5640260.0,2863654.0,0.507716665543787,5,114,2,WV,0.507716665543787
UBSI,2011,WV,5758427.0,2876841.0,0.49958799512436297,5,113,2,WV,0.49958799512436297
UBSI,2012,WV,6922706.0,3619293.0,0.522814777920657,6,125,2,WV,0.522814777920657
UBSI,2013,WV,6631132.0,3589366.0,0.541290084407911,6,116,2,WV,0.541290084407911
UBSI,2014,WV,8817167.0,3613984.0,0.4098804071647957,6,136,2,VA,0.44955210670275386
UBSI,2015,WV,9320168.0,3888551.0,0.41721898146042,6,134,2,VA,0.4475886056989531
UBSI,2016,WV,10354606.0,3989277.0,0.38526593865570546,6,133,2,VA,0.39970473043590454
UBSI,2017,WV,14058706.0,4450164.0,0.31654150815871673,6,149,2,VA,0.5023527058606958
UBSI,2018,WV,13913511.0,4428050.0,0.3182553993740329,6,145,1,VA,0.5126207180919323
UBSI,2019,WV,14493835.0,4794834.0,0.33081886195061555,6,140,1,VA,0.4815341143320591
UBSI,2020,WV,20017645.0,5310568.0,0.2652943440649487,8,212,1,VA,0.37417138729356025
UBSI,2021,WV,21793536.0,6054183.0,0.2777971872026641,8,204,1,VA,0.37308947937590303
UBSI,2022,WV,23246717.0,6108211.0,0.262755854945023,8,222,1,VA,0.3959810755213306
UBSI,2023,WV,22618814.0,6019539.0,0.2661297360683898,8,222,1,VA,0.38212790467263225
UBSI,2024,WV,23305317.0,6287017.0,0.269767495546188,8,219,1,VA,0.38861290751805694
UBSI,2025,WV,26549454.0,6853508.0,0.2581412032051582,9,235,1,VA,0.3605005586932221
UMBF,2009,MO,7741657.0,5349149.0,0.6909566001180367,7,139,4,MO,0.6909566001180367
UMBF,2010,MO,8509311.0,5966995.0,0.7012312747765359,7,138,4,MO,0.7012312747765359
UMBF,2011,MO,9938581.0,7195060.0,0.7239524435128113,7,130,4,MO,0.7239524435128113
UMBF,2012,MO,10375773.0,7499690.0,0.7228078332091498,7,130,4,MO,0.7228078332091498
UMBF,2013,MO,11779754.0,8923776.0,0.7575519828342765,7,114,1,MO,0.7575519828342765
UMBF,2014,MO,12331396.0,9045189.0,0.7335089230773223,8,109,1,MO,0.7335089230773223
UMBF,2015,MO,14639191.0,10318271.0,0.7048388807824149,8,122,1,MO,0.7048388807824149
UMBF,2016,MO,15745867.0,11464627.0,0.7281038891030898,8,116,1,MO,0.7281038891030898
UMBF,2017,MO,16240966.0,12290506.0,0.7567595425050456,8,103,1,MO,0.7567595425050456
UMBF,2018,MO,16646685.0,12747164.0,0.7657478951514971,8,97,1,MO,0.7657478951514971
UMBF,2019,MO,19551338.0,14915279.0,0.7628776608536971,8,96,1,MO,0.7628776608536971
UMBF,2020,MO,24590840.0,18507299.0,0.7526094675903711,8,95,1,MO,0.7526094675903711
UMBF,2021,MO,30275926.0,22885475.0,0.7558967808284377,8,95,1,MO,0.7558967808284377
UMBF,2022,MO,31775233.0,23848862.0,0.7505487685959691,8,96,1,MO,0.7505487685959691
UMBF,2023,MO,33660048.0,26636936.0,0.7913516938537937,8,94,1,MO,0.7913516938537937
UMBF,2024,MO,36685911.0,29111997.0,0.7935470649754343,8,93,1,MO,0.7935470649754343
UMBF,2025,MO,60599246.0,37364027.0,0.6165757738965927,13,197,1,MO,0.6165757738965927
USB,2009,OH,151954347.0,19130362.0,0.12589545727178178,24,2903,2,CA,0.16554222038807484
USB,2010,OH,169202467.0,21736287.0,0.12846318014973152,24,3056,2,CA,0.18271726499117769
USB,2011,OH,198455053.0,26345906.0,0.13275502740663397,25,3139,2,MN,0.1900823356712414
USB,2012,OH,220712719.0,25961868.0,0.1176274213721231,26,3134,2,MN,0.20508615998700103
USB,2013,OH,235339663.0,30007701.0,0.12750804780407968,26,3140,1,MN,0.22628155968762478
USB,2014,OH,263661347.0,36629935.0,0.13892796732165674,26,3238,1,MN,0.22451092158002212
USB,2015,OH,279550033.0,44554801.0,0.15938041760131003,26,3221,1,MN,0.2229076109606469
USB,2016,OH,298344516.0,57949570.0,0.19423708797114272,26,3222,1,MN,0.20459076914958277
USB,2017,OH,329468253.0,62377452.0,0.18932765579693045,26,3173,1,MN,0.22068323529793932
USB,2018,OH,320952865.0,59745182.0,0.18614939611148199,26,3128,1,MN,0.22507722746142178
USB,2019,OH,342652693.0,78552695.0,0.22924873087164094,26,2979,1,OH,0.22924873087164094
USB,2020,OH,398452715.0,88472516.0,0.2220401886331732,27,2774,1,OH,0.2220401886331732
USB,2021,OH,422772306.0,81097499.0,0.19182311104360747,27,2319,1,OH,0.19182311104360747
USB,2022,OH,455311177.0,95057465.0,0.20877472331411712,27,2251,1,OH,0.20877472331411712
USB,2023,OH,526741722.0,111380704.0,0.21145221528512223,28,2342,1,CA,0.21512563419079228
USB,2024,OH,527189102.0,100830917.0,0.19126138347222513,28,2243,1,MN,0.2163944466363419
USB,2025,OH,523489192.0,111511204.0,0.21301529373313213,28,2117,1,CA,0.2184146946055765
VLY,2009,NJ,9534218.0,8107921.0,0.8504023088207129,2,199,1,NJ,0.8504023088207129
VLY,2010,NJ,9511896.0,7787939.0,0.8187577955015488,2,204,1,NJ,0.8187577955015488
VLY,2011,NJ,9783629.0,8101849.0,0.8281026396238043,2,202,1,NJ,0.8281026396238043
VLY,2012,NJ,10959139.0,8192809.0,0.7475777978543753,2,217,1,NJ,0.7475777978543753
VLY,2013,NJ,11289215.0,8602202.0,0.7619840706373295,2,215,1,NJ,0.7619840706373295
VLY,2014,NJ,11456442.0,8764297.0,0.7650103758217429,2,206,1,NJ,0.7650103758217429
VLY,2015,NJ,14416472.0,9742254.0,0.6757724081176033,3,226,1,NJ,0.6757724081176033
VLY,2016,NJ,16274929.0,10360590.0,0.6365981688768043,3,215,1,NJ,0.6365981688768043
VLY,2017,NJ,17303067.0,11475769.0,0.6632216704703277,3,211,1,NJ,0.6632216704703277
VLY,2018,NJ,21739013.0,12714244.0,0.5848583834049872,4,239,1,NJ,0.5848583834049872
VLY,2019,NJ,24871431.0,15169503.0,0.6099167755968685,4,221,1,NJ,0.6099167755968685
VLY,2020,NJ,31531157.0,20023403.0,0.6350354666655588,4,238,1,NJ,0.6350354666655588
VLY,2021,NJ,33334083.0,19949906.0,0.5984837201011349,4,228,1,NJ,0.5984837201011349
VLY,2022,NJ,43916345.0,21661955.0,0.49325496008376835,6,240,1,NJ,0.49325496008376835
VLY,2023,NJ,49783722.0,30314708.0,0.6089281150975413,6,233,1,NJ,0.6089281150975413
VLY,2024,NJ,50325509.0,30764657.0,0.6113133798606984,6,231,1,NJ,0.6113133798606984
VLY,2025,NJ,50787496.0,29583978.0,0.5825051504803466,6,233,1,NJ,0.5825051504803466
WAL,2009,AZ,4400511.0,804020.0,0.1827105988372714,3,42,5,NV,0.5794888366373814
WAL,2010,AZ,5234267.0,1230981.0,0.2351773419277236,3,39,5,NV,0.556122184825497
WAL,2011,AZ,5591515.0,1257816.0,0.22495084069344354,3,40,3,NV,0.5278676709263947
WAL,2012,AZ,6021529.0,1483206.0,0.24631717293066263,3,40,3,NV,0.4892172735529464
WAL,2013,AZ,7018200.0,1827327.0,0.2603697529281012,3,41,3,NV,0.44795830839816475
WAL,2014,AZ,8492395.0,3016584.0,0.3552100438097851,3,39,1,NV,0.4012784379435954
WAL,2015,AZ,11460459.0,3543203.0,0.3091676345598374,3,41,1,CA,0.3768501767686617
WAL,2016,AZ,14223516.0,5333625.0,0.37498639576880993,3,41,1,AZ,0.37498639576880993
WAL,2017,AZ,16082925.0,6596607.0,0.41016214401298273,3,37,1,AZ,0.41016214401298273
WAL,2018,AZ,18326637.0,7970026.0,0.4348875355582151,3,38,1,AZ,0.4348875355582151
WAL,2019,AZ,21755894.0,9552389.0,0.4390713155708517,3,38,1,AZ,0.4390713155708517
WAL,2020,AZ,27818943.0,12249496.0,0.44032931085843197,3,38,1,AZ,0.44032931085843197
WAL,2021,AZ,42310341.0,18664024.0,0.4411220415358978,3,36,1,AZ,0.4411220415358978
WAL,2022,AZ,54033639.0,27677951.0,0.5122355538556269,4,36,1,AZ,0.5122355538556269
WAL,2023,AZ,51288938.0,30393873.0,0.5926009425268272,6,38,1,AZ,0.5926009425268272
WAL,2024,AZ,66597571.0,40059238.0,0.601511998087738,6,37,1,AZ,0.601511998087738
WAL,2025,AZ,71378276.0,45867151.0,0.6425925865735396,6,37,1,AZ,0.6425925865735396
WSFS,2009,DE,2415701.0,2378765.0,0.984710028269227,2,37,1,DE,0.984710028269227
WSFS,2010,DE,2659355.0,2625390.0,0.9872281060633123,2,36,1,DE,0.9872281060633123
WSFS,2011,DE,2896629.0,2836196.0,0.9791367827913067,2,43,1,DE,0.9791367827913067
WSFS,2012,DE,3177567.0,3068715.0,0.9657436019445066,2,45,1,DE,0.9657436019445066
WSFS,2013,DE,3106374.0,2996662.0,0.9646816513401155,2,44,1,DE,0.9646816513401155
WSFS,2014,DE,3172920.0,3047151.0,0.9603617487992133,2,43,1,DE,0.9603617487992133
WSFS,2015,DE,3570536.0,3408235.0,0.9545443597263829,2,47,1,DE,0.9545443597263829
WSFS,2016,DE,4130530.0,3623699.0,0.8772963760098583,2,54,1,DE,0.8772963760098583
WSFS,2017,DE,4928157.0,3872469.0,0.785784422046619,2,63,1,DE,0.785784422046619
WSFS,2018,DE,5410750.0,4233555.0,0.7824340433396479,2,63,1,DE,0.7824340433396479
WSFS,2019,DE,9772382.0,4774380.0,0.4885584701866955,3,119,1,DE,0.4885584701866955
WSFS,2020,DE,11166455.0,5821159.0,0.521307702399732,3,95,1,DE,0.521307702399732
WSFS,2021,DE,12846711.0,6797323.0,0.529109979978533,3,94,1,DE,0.529109979978533
WSFS,2022,DE,17439812.0,7874600.0,0.45153009676939176,3,100,1,PA,0.4633913484847199
WSFS,2023,DE,16590763.0,7620027.0,0.4592933429282306,3,94,1,DE,0.4592933429282306
WSFS,2024,DE,16651602.0,7561806.0,0.4541188289270906,3,95,1,DE,0.4541188289270906
WSFS,2025,DE,17533926.0,8039587.0,0.4585160790572516,3,95,1,DE,0.4585160790572516
WTFC,2009,IL,9295545.0,8729326.0,0.9390870572946503,2,79,15,IL,0.9390870572946503
WTFC,2010,IL,10852385.0,10237059.0,0.9433003897299994,2,84,15,IL,0.9433003897299994
WTFC,2011,IL,11376464.0,10715143.0,0.94186937171339,2,88,15,IL,0.94186937171339
WTFC,2012,IL,13180990.0,12466840.0,0.9458196994307712,2,100,15,IL,0.9458196994307712
WTFC,2013,IL,14594423.0,13822322.0,0.9470961613213486,3,118,15,IL,0.9470961613213486
WTFC,2014,IL,15847515.0,15007724.0,0.9470080324896364,3,126,15,IL,0.9470080324896364
WTFC,2015,IL,17474050.0,16086377.0,0.9205866413338637,3,147,15,IL,0.9205866413338637
WTFC,2016,IL,20488381.0,18780155.0,0.9166246469157324,3,152,15,IL,0.9166246469157324
WTFC,2017,IL,22929854.0,21148228.0,0.9223010316594253,3,152,15,IL,0.9223010316594253
WTFC,2018,IL,24771565.0,22882249.0,0.9237304546563772,3,161,15,IL,0.9237304546563772
WTFC,2019,IL,28166222.0,26068550.0,0.9255252621384579,4,171,15,IL,0.9255252621384579
WTFC,2020,IL,36458821.0,33553969.0,0.9203251251596973,4,182,15,IL,0.9203251251596973
WTFC,2021,IL,39562441.0,36600295.0,0.9251273196211528,4,172,15,IL,0.9251273196211528
WTFC,2022,IL,43668445.0,40341177.0,0.9238061259108264,4,173,15,IL,0.9238061259108264
WTFC,2023,IL,45113074.0,41611153.0,0.9223745870210485,4,175,15,IL,0.9223745870210485
WTFC,2024,IL,49278157.0,45316228.0,0.9196007066579215,4,177,15,IL,0.9196007066579215
WTFC,2025,IL,57322222.0,50024298.0,0.8726859541488116,5,211,16,IL,0.8726859541488116
ZION,2009,UT,40729473.0,12653315.0,0.31066728999906285,10,507,8,UT,0.31066728999906285
ZION,2010,UT,40371641.0,11145276.0,0.27606695501924233,10,518,8,UT,0.27606695501924233
ZION,2011,UT,39900029.0,11181841.0,0.2802464379161228,10,516,8,UT,0.2802464379161228
ZION,2012,UT,41692811.0,11582571.0,0.27780738986392645,10,514,8,UT,0.27780738986392645
ZION,2013,UT,44734339.0,13239636.0,0.29596136426649783,10,498,8,UT,0.29596136426649783
ZION,2014,UT,46476675.0,14000127.0,0.3012291004035895,10,488,8,UT,0.3012291004035895
ZION,2015,UT,49469238.0,15105457.0,0.3053505089364829,11,478,7,UT,0.3053505089364829
ZION,2016,UT,50819459.0,15446611.0,0.3039507169881521,11,447,1,UT,0.3039507169881521
ZION,2017,UT,52785401.0,16724090.0,0.3168317315615354,11,440,1,UT,0.3168317315615354
ZION,2018,UT,53945863.0,16970414.0,0.3145823063392275,11,436,1,UT,0.3145823063392275
ZION,2019,UT,54332364.0,16753845.0,0.3083584767266891,11,435,1,UT,0.3083584767266891
ZION,2020,UT,65684105.0,19727869.0,0.3003446419799737,11,423,1,UT,0.3003446419799737
ZION,2021,UT,76105815.0,22917612.0,0.3011282646404877,11,420,1,UT,0.3011282646404877
ZION,2022,UT,79061285.0,22959898.0,0.2904063347819353,11,415,1,UT,0.2904063347819353
ZION,2023,UT,74322595.0,26373366.0,0.3548499080259509,11,412,1,UT,0.3548499080259509
ZION,2024,UT,74224024.0,23840196.0,0.32119244841804856,11,410,1,UT,0.32119244841804856
ZION,2025,UT,74054523.0,23117323.0,0.31216625350486693,11,411,1,UT,0.31216625350486693
